Wort,Stem,Type,Score
der,die,ART,241408360.16429
die,die,ART,188943867.569055
und,und,KON,186351587
in,in,APPR,140040898
den,die,ART,90221588.7685169
von,von,APPR,78788653.4211233
mit,mit,APPR,66879801.6867092
ist,sein,VAFIN,64833211
im,im,APPRART,62591891
f?r,f?r,APPR,56990511
des,die,ART,56555049.7224575
sich,er|es|sie,PRF,55471013
nicht,nicht,PTKNEG,52636895
Die,die,ART,51178010.8418797
auf,auf,APPR,51130589.9145212
dem,die,ART,48881102.8527428
das,die,ART,47893921.3883674
ein,eine,ART,43463768.5364586
eine,eine,ART,41925427.3776505
auch,auch,ADV,41249942
zu,zu,PTKZU,41051385.5797746
es,es,PPER,39134200
als,als,KOKOM,32008477.374632
er,er,PPER,29861001
am,am,APPRART,29072741.6053604
bei,bei,APPR,28388305.0856898
die,die,PRELS,28127976.3292024
Der,die,ART,28005481.9307718
an,an,APPR,27658381.5251019
hat,haben,VAFIN,26524019
sie,sie,PPER,26304664
aus,aus,APPR,25180038.9540915
sind,sein,VAFIN,24676418
wird,werden,VAFIN,24667244
nach,nach,APPR,24331651.5852843
dass,dass,KOUS,24004178
war,sein,VAFIN,22753539
zum,zum,APPRART,21446033
zu,zu,APPR,21134020.5941173
noch,noch,ADV,21036396.8294204
einer,eine,ART,20786224.0699501
einem,eine,ART,20520277.821509
einen,eine,ART,19680377.0224296
?ber,?ber,APPR,19296975.3210329
wurde,werden,VAFIN,19178955
werden,werden,VAINF,18432868.8409182
so,so,ADV,18019864
nur,nur,ADV,17850054
oder,oder,KON,17102809
um,um,APPR,16903515.8170418
?,?,$.,16274719
zur,zur,APPRART,15951537
vor,vor,APPR,15614853.4096853
ich,ich,PPER,15498001
man,man,PIS,14478079
haben,haben,VAFIN,14244946.1368696
In,in,APPR,14197509.7563624
Sie,Sie|sie|sie,PPER,13780531
;,;,$.,13761529
wie,wie,KOKOM,13331122.2479487
Uhr,Uhr,NN,12978947.210816
aber,aber,ADV,12888891.2562433
Das,die,ART,12830301.1056614
durch,durch,APPR,12535420.1900002
wir,wir,PPER,11845161
das,die,PDS,11598716.1419328
der,die,PRELS,11523468.6889763
kann,k?nnen,VMFIN,11274090
gegen,gegen,APPR,11213895
hatte,haben,VAFIN,11120750
unter,unter,APPR,11107110.3472894
vom,vom,APPRART,10941425
bis,bis,APPR,10939931.7168172
Es,es,PPER,10742280.429155
mehr,mehr,ADV,9818336.19359718
schon,schon,ADV,9779935.89862226
wieder,wieder,ADV,9726585.99111725
werden,werden,VAFIN,9667735.7481392
Ich,ich,PPER,9563517
Das,die,PDS,9539361.16601689
Im,im,APPRART,9429679
dann,dann,ADV,9131011
habe,haben,VAFIN,9129400.13786876
sei,sein,VAFIN,9118429.90440589
wenn,wenn,KOUS,8980428
!,!,$.,8928412
Jahr,Jahr,NN,8802712
zwei,zwei,CARD,8722458
Jahren,Jahr,NN,8633696
seine,sein,PPOSAT,8466696.28381202
sein,sein,VAINF,8258943.50953017
gibt,geben,VVFIN,7991758
ihre,ihr,PPOSAT,7896467.46366126
Er,er,PPER,7832045
immer,immer,ADV,7588329
beim,beim,APPRART,7579013
Ein,eine,ART,7554903.97459289
Und,und,KON,7526469
{,unknown,NE,7514378.59859697
dieser,diese,PDAT,7335127.52972306
wie,wie,KOUS,7299012.01616165
wurden,werden,VAFIN,7282755
keine,keine,PIAT,7226990.23712126
soll,sollen,VMFIN,7176619
Jahre,Jahr,NN,7134079
seiner,sein,PPOSAT,7129037.93142791
Mit,mit,APPR,6972773.56704739
waren,sein,VAFIN,6937298
diese,diese,PDAT,6792997.06241841
},unknown,NE,6791350.17322863
Wir,wir,PPER,6741280
Prozent,Prozent,NN,6697161
bis,bis,KON,6582061.16811416
da?,da?,KOUS,6573892
eines,eine,ART,6421669.65391932
um,um,KOUI,6323699.87778684
das,die,PRELS,6288055.69048855
sehr,sehr,ADV,6280733
Euro,Euro,NN,6247417
Nach,nach,APPR,6243625.66307713
Auch,auch,ADV,6230064
drei,drei,CARD,6215565
seit,seit,APPR,6132770.16512445
diesem,diese,PDAT,6130313.06204034
hier,hier,ADV,6065563.81334119
will,wollen,VMFIN,6060526
zwischen,zwischen,APPR,6057825.21893454
an,an,PTKVZ,5907359.25996334
ersten,erst,ADJA,5831829
Zeit,Zeit,NN,5784345.29725111
sagte,sagen,VVFIN,5777655
Kategorie,Kategorie,NN,5561747
aber,aber,KON,5511124.14931146
heute,heute,ADV,5476306
aus,aus,PTKVZ,5445471.13748083
sowie,sowie,KON,5434518.84015176
worden,werden,VAPP,5394503.3217778
bereits,bereits,ADV,5387656
jetzt,jetzt,ADV,5383568
nun,nun,ADV,5313859.9643343
alle,alle,PIAT,5304272.47197262
F?r,f?r,APPR,5301062
k?nnen,k?nnen,VMFIN,5196030.47315263
Am,am,APPRART,5159564.69805169
muss,m?ssen,VMFIN,5129061
Von,von,APPR,5118304.25386736
neue,neu,ADJA,5099395
sondern,sondern,KON,5077344.14286557
Bei,bei,APPR,5064332.99676142
geht,gehen,VVFIN,5053958.51908947
seinen,sein,PPOSAT,5024517.19141208
Eine,eine,ART,5011608.88762114
Menschen,Mensch,NN,4916035.23150796
sagt,sagen,VVFIN,4806123.58367535
selbst,selbst,ADV,4798444.99612885
So,so,ADV,4731963
Stadt,Stadt,NN,4725726
neuen,neu,ADJA,4711712
ins,ins,APPRART,4668694
ihrer,ihr,PPOSAT,4619527.50374697
gut,gut,ADJD,4611742.77477626
ihren,ihr,PPOSAT,4601840.63232667
weil,weil,KOUS,4593984.06247255
Ende,Ende,NN,4566654.35404907
Deutschland,Deutschland,NE,4509643.06554271
seinem,sein,PPOSAT,4482291.39598702
damit,damit,PROAV,4470492.57198328
ein,ein,PTKVZ,4463097.39692149
*,*,XY,4422074
etwa,etwa,ADV,4406645
was,was,PRELS,4364027.99653778
Millionen,Million,NN,4358929
steht,stehen,VVFIN,4309254.21836928
sein,sein,PPOSAT,4285806.53298996
ihm,er,PPER,4256285
ab,ab,PTKVZ,4232885.50921985
dpa,dpa,NE,4212184
einmal,einmal,ADV,4204118
ihn,er,PPER,4198063
allem,alle,PIS,4139737.92541482
rund,rund,ADV,4108095.58459065
doch,doch,ADV,4090548.21457773
Wenn,wenn,KOUS,4083282
ganz,ganz,ADV,4080796.02785288
auf,auf,PTKVZ,3996564.80396121
ihr,ihr,PPOSAT,3992513.7540268
&amp;,&amp;,KON,3968367
ohne,ohne,APPR,3960116.34797623
anderen,ander,ADJA,3944612.708659
hatten,haben,VAFIN,3904820
Berlin,Berlin,NE,3831930
20,20,CARD,3806533
beiden,beide,PIAT,3782539.65723154
erst,erst,ADV,3755484
Kinder,Kind,NN,3744595
Auf,auf,APPR,3720817.11412852
1.,1.,ADJA,3696857.98710003
viele,viele,PIAT,3687964.7746016
vier,vier,CARD,3652580
kein,keine,PIAT,3647650
ref,ref,NE,3636792.30054018
jedoch,jedoch,ADV,3629578.2567377
wo,wo,PWAV,3598181
dabei,dabei,PROAV,3595238.80310442
Frau,Frau,NN,3592767
ja,ja,ADV,3592739.78929949
de,de,NE,3580350.13014363
m?ssen,m?ssen,VMFIN,3518895.02980669
konnte,k?nnen,VMFIN,3513987
dort,dort,ADV,3510222.35775023
CEST,UNKNOWN,NE,3506339.56833071
w?re,sein,VAFIN,3486890
sollte,sollen,VMFIN,3486818
dieses,diese,PDAT,3475538.62028224
vor,vor,PTKVZ,3435618.52444064
da,da,ADV,3415229.1387102
kommt,kommen,VVFIN,3376715.58198433
gab,geben,VVFIN,3375610
sollen,sollen,VMFIN,3337330.61166666
uns,wir,PPER,3290633.10233163
haben,haben,VAINF,3273583.2709988
werde,werden,VAFIN,3270804.75787114
als,als,KOUS,3224983.4214002
mir,ich,PPER,3218624.03548574
machen,machen,VVINF,3200123.49408877
letzten,letzt,ADJA,3197860
SPD,SPD,NE,3190372.30026863
000,@card@,CARD,3189049
Leben,Leben,NN,3187327.65942914
ob,ob,KOUS,3186360.12439859
dazu,dazu,PROAV,3180974
...,...,$.,3176601
mal,mal,ADV,3170299.31259724
alles,alle,PIS,3162066.83043796
Mai,Mai,NN,3145485.04268455
seien,sein,VAFIN,3139315
wegen,wegen,APPR,3127449.81849355
Platz,Platz,NN,3109138.68882708
Mann,Mann,NN,3107227.68873742
k?nnen,k?nnen,VMINF,3088993.28853595
Artikel,Artikel,NN,3075366
Als,als,KOKOM,3065326.72622405
erste,erst,ADJA,3065068
also,also,ADV,3046099
wollen,wollen,VMFIN,3044421.35578473
w?rde,werden,VAFIN,3035222
of,of,FM,3013175
daf?r,daf?r,PROAV,3007284
kam,kommen,VVFIN,2955258
St.,St.,NE,2943523.87612297
diesen,diese,PDAT,2941250.55705507
allerdings,allerdings,ADV,2904612
k?nnte,k?nnen,VMFIN,2899675
f?nf,f?nf,CARD,2896383
deutschen,deutsch,ADJA,2886165
nichts,nichts,PIS,2877991.41830544
mehr,mehr,PIAT,2876998.10654837
Land,Land,NN,2871998
Geschichte,Geschichte,NN,2860707.14142373
Sonntag,Sonntag,NN,2853657.28902392
ref,ref,FM,2811120.73458064
Welt,Welt,NN,2804048
Aber,aber,KON,2799249.22410233
zwar,zwar,ADV,2777895
Was,was,PWS,2775074.9423059
etwas,etwas,ADV,2771955.46696141
liegt,liegen,VVFIN,2766384.76386058
Samstag,Samstag,NN,2765285
gestern,gestern,ADV,2764680
Seite,Seite,NN,2746293.02117674
1,1,CARD,2745752
30,30,CARD,2745296
ihrem,ihr,PPOSAT,2730724.5094133
2,2,CARD,2713975
Teil,Teil,NN,2701681.13852222
Diese,diese,PDAT,2697585.96328954
wohl,wohl,ADV,2694834.804212
vergangenen,vergangen,ADJA,2680940
2008,@card@,CARD,2666040
zur?ck,zur?ck,PTKVZ,2663899.50611829
fast,fast,ADV,2660313
2009,@card@,CARD,2641617
Doch,doch,KON,2640296.88986547
sp?ter,sp?t,ADJD,2638413.28126273
15,15,CARD,2638099
2007,@card@,CARD,2631620
ab,ab,APPR,2622385.54525897
Frage,Frage,NN,2614747.46406091
2006,@card@,CARD,2593275
2010,@card@,CARD,2570758
gro?en,gro?,ADJA,2570187
CDU,CDU,NE,2562881.0263745
weitere,weit,ADJA,2557276
mich,ich,PRF,2553342.51124663
was,was,PWS,2534693.79202838
Arbeit,Arbeit,NN,2527721
denn,denn,KON,2524852.89691738
Tag,Tag,NN,2523743.97280829
dies,dies,PDS,2523560.23828092
10,10,CARD,2519876
Wer,wer,PWS,2506934
September,September,NN,2502820
lassen,lassen,VVINF,2468443.70913747
Juni,Juni,NN,2441840
M?rz,M?rz,NN,2441532
Frauen,Frau,NN,2434268.81373245
andere,ander,ADJA,2429833.98107991
gar,gar,ADV,2429463.39054876
davon,davon,PROAV,2428818.24278484
S.,S.,NE,2412083.10185568
Thema,Thema,NN,2401206
macht,machen,VVFIN,2385459.86240311
Polizei,Polizei,NN,2378691
Unternehmen,Unternehmen,NN,2377883.23777087
da,da,KOUS,2373852.97470264
sogar,sogar,ADV,2370619
stehen,stehen,VVFIN,2354340.26724275
Peter,Peter,NE,2346911
Mark,Mark,NN,2342000.32246138
darauf,darauf,PROAV,2336712
h?tte,haben,VAFIN,2336034
gro?e,gro?,ADJA,2331715
Oktober,Oktober,NN,2322386
Fall,Fall,NN,2319344
gewesen,sein,VAPP,2318545
bin,sein,VAFIN,2294296
weiter,weiter,ADV,2289724.2934796
einfach,einfach,ADJD,2287274
Freitag,Freitag,NN,2281636.19558854
gemacht,machen,VVPP,2278317.02898839
zehn,zehn,CARD,2273131
Da,da,ADV,2265897.25251261
2.,2.,ADJA,2251581.85290987
April,April,NN,2244183
zweiten,zweit,ADJA,2236959
gerade,gerade,ADV,2222540.86775207
findet,finden,VVFIN,2218400.76213169
Beispiel,Beispiel,NN,2217047
allen,alle,PIAT,2211967.69174108
h?tten,haben,VAFIN,2210300
November,November,NN,2204738
Weg,Weg,NN,2203026.40613599
Gemeinde,Gemeinde,NN,2197792.55513092
USA,USA,NE,2195139
18,18,CARD,2190373
Man,man,PIS,2182769
Geld,Geld,NN,2177347
Juli,Juli,NN,2170809
Spiel,Spiel,NN,2167274.7537382
2011,@card@,CARD,2161925
eigenen,eigen,ADJA,2157841
Dr.,Dr.,NN,2149108
Januar,Januar,NN,2140433
Den,die,ART,2140011.90371313
Herr,Herr,NN,2125418
ging,gehen,VVFIN,2123398
Woche,Woche,NN,2101525
Zum,zum,APPRART,2093550
Mal,Mal,NN,2088375.39511446
sieht,sehen,VVFIN,2076952
Vor,vor,APPR,2068335.44789147
%,%,NN,2062325
Dabei,dabei,PROAV,2058915.18770492
statt,statt,PTKVZ,2056961.70119037
ihnen,sie,PPER,2055263
Dezember,Dezember,NN,2053353
keinen,keine,PIAT,2053030.4206188
hei?t,hei?en,VVFIN,2047114.48107484
Michael,Michael,NE,2045518
14,14,CARD,2039688
Seit,seit,APPR,2029363.69284796
uns,wir,PRF,2022717.16401049
n?chsten,nah,ADJA,2009393.67522325
bleibt,bleiben,VVFIN,2001756.65478463
August,August,NN,2000496.57063962
viel,viel,PIAT,1994353.66910276
Regierung,Regierung,NN,1991318
einige,einige,PIAT,1990351.53428173
du,du,PPER,1988503
3.,3.,ADJA,1985507
sechs,sechs,CARD,1981701
w?rden,werden,VAFIN,1972779
wollte,wollen,VMFIN,1967706
ebenfalls,ebenfalls,ADV,1967569
Weblinks,weblinks,ADJD,1954224
m?glich,m?glich,ADJD,1952888
Wie,wie,KOUS,1943521.2967018
bisher,bisher,ADV,1942951
2005,2005,CARD,1939782
kaum,kaum,ADV,1931090
vielen,viele,PIAT,1924365.99530011
Denn,denn,KON,1920795.26595543
M?nchen,M?nchen,NE,1919296.30415489
deutlich,deutlich,ADJD,1915592
gilt,gelten,VVFIN,1907782.91647124
deutsche,deutsch,ADJA,1904284
Februar,Februar,NN,1896538
geben,geben,VVINF,1894138.52500789
3,3,CARD,1891848
nie,nie,ADV,1884782
Pr?sident,Pr?sident,NN,1880574.3217812
oft,oft,ADV,1876063
An,an,APPR,1872073.95371202
Haus,Haus,NN,1865602.48919236
the,the,FM,1865166
Mittwoch,Mittwoch,NN,1858144
Wochen,Woche,NN,1855332.89651203
sagen,sagen,VVINF,1854112.72550436
Thomas,Thomas,NE,1848176
Familie,Familie,NN,1844390
16,16,CARD,1834618
Montag,Montag,NN,1830442
aller,alle,PIAT,1826476.22904525
Donnerstag,Donnerstag,NN,1825291
besser,gut,ADJD,1821094.85938082
sehen,sehen,VVINF,1819340.83057693
50,50,CARD,1813318
Informationen,Information,NN,1805015.83779328
besonders,besonders,ADV,1791045
17,17,CARD,1787853
Zu,zu,APPR,1785129.23121006
Namen,Name,NN,1778321.48158506
The,The,FM,1774068
Kirche,Kirche,NN,1765112
Bild,Bild,NN,1760864
ISBN,ISBN,NE,1756248
Stra?e,Stra?e,NN,1755177
Ort,Ort,NN,1754382.46520926
viel,viel,ADV,1754247.93022461
deshalb,deshalb,PROAV,1748085
Anfang,Anfang,NN,1748069
Dies,diese,PDS,1747534.14615677
anderem,andere,PIS,1746237.66040471
sollten,sollen,VMFIN,1734347
100,100,CARD,1732872
Ziel,Ziel,NN,1731474
nat?rlich,nat?rlich,ADV,1729603.33875293
neben,neben,APPR,1715647
zeigt,zeigen,VVFIN,1711587.81196997
mit,mit,PTKVZ,1703771.51893572
19,19,CARD,1697155
zu,zu,PTKVZ,1694812.47247164
Dienstag,Dienstag,NN,1690947
CET,cet,NE,1689942.45733161
tun,tun,VVINF,1688769.32174505
derzeit,derzeit,ADV,1687338
Nur,nur,ADV,1682365
eher,eher,ADV,1681408
Art,Art,NN,1680630.48538291
dem,die,PRELS,1679589.22039413
musste,m?ssen,VMFIN,1679548
geh?rt,geh?ren,VVFIN,1678708.47843904
zun?chst,zun?chst,ADV,1673618.93457367
gute,gut,ADJA,1659505
http,UNKNOWN,NE,1657045.65984195
alten,alt,ADJA,1653715
Aber,aber,ADV,1653128.24703934
Zukunft,Zukunft,NN,1648439.79621315
Minuten,Minute,NN,1647938.26722391
2000,2000,CARD,1640829
Grund,Grund,NN,1638840
eigentlich,eigentlich,ADV,1635298
Dann,dann,ADV,1635024
Aus,aus,APPR,1633062.42196649
Trainer,Trainer,NN,1631483
Bad,Bad,NE,1626670.3589355
klar,klar,ADJD,1623014.13203059
Saison,Saison,NN,1619823
Mannschaft,Mannschaft,NN,1617112.05676802
konnten,k?nnen,VMFIN,1616935
m?chte,m?gen,VMFIN,1611347
Milliarden,Milliarde,NN,1609721
Damit,damit,PROAV,1605768.19794993
kommen,kommen,VVFIN,1603997.91452316
Musik,Musik,NN,1601894
wirklich,wirklich,ADJD,1599172
einer,eine,PIS,1597268.53187686
darf,d?rfen,VMFIN,1589401
lange,lange,ADV,1585835.69608991
Wie,wie,KOKOM,1583086.38355416
4.,4.,ADJA,1583086
l?sst,lassen,VVFIN,1582427
sicher,sicher,ADJD,1580254.06752061
Literatur,Literatur,NN,1572558
Meter,Meter,NN,1562962
neu,neu,ADJD,1560303
kleinen,klein,ADJA,1559836
hinter,hinter,APPR,1557180.85952653
weit,weit,ADJD,1557111.16976569
Tage,Tag,NN,1554376.70562492
pro,pro,APPR,1547156
Region,Region,NN,1547068
seines,sein,PPOSAT,1543598.87658651
de/,unknown,NE,1538822.49684341
damals,damals,ADV,1537882
20.,20.,ADJA,1535188.55316985
denen,die,PRELS,1533287.77100073
genau,genau,ADJD,1530933
2012,@card@,CARD,1529376
New,New,NE,1528913.55206244
gleich,gleich,ADJD,1523409.71916783
dar?ber,dar?ber,PROAV,1523110
welche,welche,PRELS,1522402.05422134
2004,@card@,CARD,1521506
Hier,hier,ADV,1513536
Jahres,Jahr,NN,1513473
meine,mein,PPOSAT,1512981.37350406
FC,FC,NE,1512560.29406388
Angaben,Angabe,NN,1507087.43975998
w?hrend,w?hrend,APPR,1504982.15837103
4,4,CARD,1503893
doch,doch,KON,1502942.01424256
Eltern,Eltern,NN,1496124.44039117
Gruppe,Gruppe,NN,1495857
vielleicht,vielleicht,ADV,1493951
13,13,CARD,1491758
lang,lang,ADJD,1483858.64739667
Programm,Programm,NN,1482680
Film,Film,NN,1481822.05547726
Leute,Leute,NN,1481041.90142797
5.,5.,ADJA,1478780
Erfolg,Erfolg,NN,1477535
com,com,NE,1476179.89198866
wei?,wissen,VVFIN,1475186.93763827
kurz,kurz,ADJD,1475106.45601351
Schule,Schule,NN,1471614.4438808
40,40,CARD,1471273
Nicht,nicht,PTKNEG,1470138
Team,Team,NN,1469120
insgesamt,insgesamt,ADV,1467464
Politik,Politik,NN,1464590
Entwicklung,Entwicklung,NN,1462215
19.,19.,ADJA,1459839
12,12,CARD,1459584
kommen,kommen,VVINF,1453068.99300541
Dass,da?,KOUS,1450619
k?nne,k?nnen,VMFIN,1449750
Bereich,Bereich,NN,1439060
Wien,Wien,NE,1436404
Beifall,Beifall,NN,1434842
k?nnten,k?nnen,VMFIN,1432032
B?rgermeister,B?rgermeister,NN,1429321.27137321
Titel,Titel,NN,1428717
weiteren,weit,ADJA,1428203
Europa,Europa,NE,1427231
Wolfgang,Wolfgang,NE,1421652.14049578
schnell,schnell,ADJD,1420975.58486789
geworden,werden,VAPP,1420155.82608734
Mitglieder,Mitglied,NN,1407974
unsere,unser,PPOSAT,1405777.18649405
stellt,stellen,VVFIN,1395073.58300534
5,5,CARD,1394231
Deutschen,deutsch,ADJA,1393720.80099355
stand,stehen,VVFIN,1392090.72011645
6.,6.,ADJA,1391716
Partei,Partei,NN,1388555
Band,Band,NN,1388542.7828214
eben,eben,ADV,1388388.61143162
Mitarbeiter,Mitarbeiter,NN,1386310
Schweiz,Schweiz,NE,1386107
Sch?ler,Sch?ler,NN,1382717.0587427
Schweizer,Schweizer,NN,1380823
erkl?rte,erkl?ren,VVFIN,1379260.13219344
mu?,m?ssen,VMFIN,1378400
zu,zu,PTKA,1377828.3258115
richtig,richtig,ADJD,1377778.24026246
stark,stark,ADJD,1374389
dagegen,dagegen,PROAV,1373789.66265829
Unter,unter,APPR,1369674
M?nner,Mann,NN,1363423
jeder,jede,PIAT,1358496.37346027
Martin,Martin,NE,1357822
deutscher,deutsch,ADJA,1356443.06534574
Verein,Verein,NN,1352294
G?ste,Gast,NN,1351618.00697423
11,11,CARD,1350664
Beginn,Beginn,NN,1350519
f?hrt,f?hren,VVFIN,1348504.06028925
eine,eine,PIS,1348295.18802778
Beim,beim,APPRART,1347893
acht,acht,CARD,1346555.47047606
|,unknown,NE,1343021.14231886
25,25,CARD,1342065
kleine,klein,ADJA,1341428
/www,unknown,NE,1339718.74735922
and,and,FM,1339083
?sterreich,?sterreich,NE,1338816
gegeben,geben,VVPP,1336995
unserer,unser,PPOSAT,1336896.52030511
Stunden,Stunde,NN,1336608.75557992
Zahl,Zahl,NN,1332299
daran,daran,PROAV,1330841
jeweils,jeweils,ADV,1326848
sieben,sieben,CARD,1325596.22946277
Personen,Person,NN,1320277.22691905
FDP,FDP,NE,1317493.51503385
7.,7.,ADJA,1315959
bleiben,bleiben,VVINF,1311286.64030119
jeden,jede,PIAT,1311080.73316286
Sieg,Sieg,NN,1309194
allein,allein,ADV,1308583.01058998
?berhaupt,?berhaupt,ADV,1308400
Berliner,Berliner,ADJA,1306014.42801448
Einsatz,Einsatz,NN,1303835
Diskussion,Diskussion,NN,1301396
Au?erdem,au?erdem,ADV,1301068.60049762
Dort,dort,ADV,1300724
15.,15.,ADJA,1298119
10.,10.,ADJA,1296034
gehen,gehen,VVINF,1295032.50310661
knapp,knapp,ADJD,1291978.65828465
alte,alt,ADJA,1289407
18.,18.,ADJA,1288483.93537241
n?mlich,n?mlich,ADV,1288103
gemeinsam,gemeinsam,ADJD,1286409
Rolle,Rolle,NN,1284918.62337399
mehrere,mehrere,PIAT,1284062.88068636
Hans,Hans,NE,1283352
gegen?ber,gegen?ber,APPR,1281517.2824832
h?lt,halten,VVFIN,1279794
8.,@ord@,ADJA,1279624
11.,11.,ADJA,1279256
Jahrhundert,Jahrhundert,NN,1275033.35682797
daher,daher,PROAV,1272125.96665608
Rahmen,Rahmen,NN,1269712.27988801
Gesellschaft,Gesellschaft,NN,1267737.68241908
Mitte,Mitte,NN,1266905.84158369
9,9,CARD,1266574
kommenden,kommend,ADJA,1264421
dessen,die,PDAT,1264160.39008513
schlie?lich,schlie?lich,ADV,1262768
erstmals,erstmals,ADV,1261801
9.,9.,ADJA,1261473.9653032
Tagen,Tag,NN,1259302.484685
laut,laut,APPR,1258058.11226216
Christian,Christian,NE,1255776
ebenso,ebenso,ADV,1254547
wenig,wenig,PIAT,1253935.84609343
lie?,lassen,VVFIN,1253087
12.,12.,ADJA,1250889
Jetzt,jetzt,ADV,1250109.28415708
Wort,Wort,NN,1243161
SV,SV,NE,1241201.6543215
zweite,zweit,ADJA,1241104
Hilfe,Hilfe,NN,1240484
meisten,meiste,PIAT,1239854.01343552
Ihre,Ihr|ihr,PPOSAT,1238860.11206529
ihr,ihr,PPER,1233978.99761773
machte,machen,VVFIN,1233932
Blick,Blick,NN,1231728
Foto,Foto,NN,1231151
finden,finden,VVINF,1229821.23988331
ganze,ganz,ADJA,1229468
Kosten,Kosten,NN,1229219.13362171
?ber,?ber,APPR,1226399.08533934
deren,die,PDAT,1225444.3208315
Hand,Hand,NN,1224582.9865469
13.,13.,ADJA,1224214
Zeitung,Zeitung,NN,1224167.07916225
17.,@ord@,ADJA,1223653
H?he,H?he,NN,1219149
Punkte,Punkt,NN,1216286.45219301
schwer,schwer,ADJD,1214491.35559055
Herren,Herr,NN,1213241.07984796
Problem,Problem,NN,1213193
zusammen,zusammen,PTKVZ,1211797.04381837
bringen,bringen,VVINF,1211347.04191017
16.,16.,ADJA,1207527
Fragen,Frage,NN,1206924.2643475
Du,du,PPER,1203932
Probleme,Problem,NN,1202130
Heute,heute,ADV,1199876.09049856
eigene,eigen,ADJA,1197757
anders,anders,ADV,1196839
Um,um,APPR,1195062.03587882
Richtung,Richtung,NN,1194802
Entscheidung,Entscheidung,NN,1194319
Zur,zur,APPRART,1193479
Spieler,Spieler,NN,1193463
Buch,Buch,NN,1193004
m?sse,m?ssen,VMFIN,1191298
14.,14.,ADJA,1183637
Hamburg,Hamburg,NE,1183072
solche,solche,PIAT,1182349.93686899
2003,@card@,CARD,1177547
Form,Form,NN,1176374.86295732
Kritik,Kritik,NN,1175960
besteht,bestehen,VVFIN,1175318.55865226
B?rger,B?rger,NN,1173461
Seine,sein,PPOSAT,1173224.11486679
junge,jung,ADJA,1171558
Mutter,Mutter,NN,1170448
Projekt,Projekt,NN,1170229.39422798
Dieser,diese,PDAT,1169459.55330548
Lage,Lage,NN,1169002
Wochenende,Wochenende,NN,1167631.80453902
guten,gut,ADJA,1165431
Frankfurt,Frankfurt,NE,1163376.19935339
als,als,KON,1160397.55785619
gesagt,sagen,VVPP,1159598
Wasser,Wasser,NN,1155247
Wirtschaft,Wirtschaft,NN,1154806.10933039
6,6,CARD,1154236
2002,@card@,CARD,1150904
Abend,Abend,NN,1150436.11130214
Franz,Franz,NE,1150135
Vater,Vater,NN,1148737
gekommen,kommen,VVPP,1147921
bietet,bieten,VVFIN,1147017.8230018
2001,@card@,CARD,1146886
mich,ich,PPER,1145883.41404958
trotz,trotz,APPR,1144761.52488052
8,8,CARD,1142199
Internet,Internet,NN,1140422.72976505
kamen,kommen,VVFIN,1138746
beginnt,beginnen,VVFIN,1135623.97683
Durch,durch,APPR,1130666.23556612
zuletzt,zuletzt,ADV,1129254
Nacht,Nacht,NN,1128701.22123695
Universit?t,Universit?t,NN,1128646
spielt,spielen,VVFIN,1127784.51532838
Da,da,KOUS,1127658.80773002
fand,finden,VVFIN,1127538
zuvor,zuvor,ADV,1126627.93201599
scheint,scheinen,VVFIN,1126063.67736523
m?ssen,m?ssen,VMINF,1125145.69632461
Nun,nun,ADV,1125122.59118122
21.,21.,ADJA,1123589
Deutsche,deutsch,ADJA,1123552.00461583
Verf?gung,Verf?gung,NN,1123000
Stelle,Stelle,NN,1122645.42534798
bekannt,bekannt,ADJD,1118535.95402538
Ergebnis,Ergebnis,NN,1118182
Politiker,Politiker,NN,1117260
andere,andere,PIS,1117034.43225692
paar,paar,PIAT,1115130.66559983
erneut,erneut,ADJD,1111998.10200599
Andreas,Andrea|Andreas,NE,1111897
Telefon,Telefon,NN,1110476
Monaten,Monat,NN,1109975.881077
1999,1999,CARD,1109873
wer,wer,PWS,1106569
Frankreich,Frankreich,NE,1105336.07162457
II,II,CARD,1105287.86398959
Damen,Dame,NN,1104248.51174301
W?hrend,w?hrend,KOUS,1101688.39589513
den,die,PRELS,1101186.3600979
30.,30.,ADJA,1099087
zudem,zudem,ADV,1097525
Wahl,Wahl,NN,1095542
einigen,einige,PIAT,1095067.98162235
Karl,Karl,NE,1095042
recht,recht,ADJD,1093634.77337236
Kreis,Kreis,NN,1093083
Besucher,Besucher,NN,1090821
gebracht,bringen,VVPP,1090645
erkl?rt,erkl?ren,VVFIN,1084637.18339729
folgenden,folgend,ADJA,1083100
Sohn,Sohn,NN,1080933
blieb,bleiben,VVFIN,1080176
Neben,neben,APPR,1079757
jungen,jung,ADJA,1079576
Sein,sein,PPOSAT,1078457.58215308
letzte,letzt,ADJA,1078441
Kunst,Kunst,NN,1077041
v?llig,v?llig,ADJD,1074709
60,60,CARD,1074693
Einzelnachweise,Einzelnachweis,NN,1073261
gefunden,finden,VVPP,1071328
weniger,weniger,ADV,1071194.79512953
Dazu,dazu,PROAV,1068420
Zwei,zwei,CARD,1063257.94909583
nehmen,nehmen,VVINF,1060933.60721614
Als,als,KOUS,1058223.41407228
Gr?nen,Gr?ne,NN,1058106.71258564
inzwischen,inzwischen,ADV,1057628
Bev?lkerung,Bev?lkerung,NN,1056376
1998,1998,CARD,1055089
Tod,Tod,NN,1054355.68255104
leicht,leicht,ADJD,1053342.55876195
Amt,Amt,NN,1052920.35145598
gestellt,stellen,VVPP,1050253
Mitglied,Mitglied,NN,1049819
stellte,stellen,VVFIN,1046897
denn,denn,ADV,1046290.65840218
Situation,Situation,NN,1043349
25.,25.,ADJA,1043048
Klaus,Klaus,NE,1041492
Seiten,Seite,NN,1039789.23295515
Noch,noch,ADV,1037740.38200714
M?ller,M?ller,NE,1035668.75290855
Ausstellung,Ausstellung,NN,1032141
politischen,politisch,ADJA,1030674
Kilometer,Kilometer,NN,1026933
Schon,schon,ADV,1026716.28278304
bald,bald,ADV,1025964
Doch,doch,ADV,1025102.01711226
weiterhin,weiterhin,ADV,1023696
nahm,nehmen,VVFIN,1023470
Folge,Folge,NN,1022915.6609887
wichtig,wichtig,ADJD,1022155
beispielsweise,beispielsweise,ADV,1020149.09363446
gerne,gerne,ADV,1017098
verschiedenen,verschieden,ADJA,1014491
22.,22.,ADJA,1013315
w?hrend,w?hrend,KOUS,1011396.83459483
besten,gut,ADJA,1011206.68688543
Recht,Recht,NN,1009745.36551009
AG,AG,NN,1009701.01373801
M?dchen,M?dchen,NN,1009430.64489565
Zudem,zudem,ADV,1006990
Sache,Sache,NN,1006293
7,7,CARD,1002862
Franken,Franke|Franken,NN,1002541.32825629
liegen,liegen,VVFIN,1002307.07219945
zumindest,zumindest,ADV,1001034
Chance,Chance,NN,999550
Ihr,Ihr|ihr,PPOSAT,999053.793435606
dritten,dritt,ADJA,998684
Dollar,Dollar,NN,998383
Markt,Markt,NN,998316.372999067
Firma,Firma,NN,997932
Allerdings,allerdings,ADV,997892.434494082
nimmt,nehmen,VVFIN,996499
21,21,CARD,995933
Meinung,Meinung,NN,993163
Raum,Raum,NN,991438
Kindern,Kind,NN,990005.092848003
denen,die,PDS,989299.904515427
Landes,Land,NN,988088
28.,28.,ADJA,987445
per,per,APPR,986828
ihres,ihr,PPOSAT,986629.810893158
27.,27.,ADJA,986197
z.,z.,APPRART,984317.075515953
M?glichkeit,M?glichkeit,NN,982960
Bank,Bank,NN,982860
Ihnen,Sie|sie,PPER,981359
24.,24.,ADJA,978753
Alle,alle,PIAT,977371.818960195
Deshalb,deshalb,PROAV,977340
23.,23.,ADJA,974822
Erst,erst,ADV,972422
Liste,Liste,NN,970558.571516824
Preis,Preis,NN,970129.778613026
26.,26.,ADJA,969248
Autor,Autor,NN,968808
York,York,NE,968363
sonst,sonst,ADV,968194
St?ck,St?ck,NN,967690
Bayern,Bayern,NE,964021.83391557
bis,bis,KOUS,962910.604761522
www,www,NE,959913.938287609
ehemaligen,ehemalig,ADJA,959909
Bedeutung,Bedeutung,NN,957329
erhielt,erhalten,VVFIN,956445
k?nftig,k?nftig,ADJD,954965
Unterst?tzung,Unterst?tzung,NN,953890
Kind,Kind,NN,953740
Viele,viele,PIAT,951256.064517976
Hause,Haus,NN,949458.523975
siehe,sehen,VVIMP,948845.758869876
f?hrte,f?hren,VVFIN,948765
amp,amp,NE,946965.754556934
d?rfte,d?rfen,VMFIN,945645
Punkt,Punkt,NN,942969.170879266
Gemeinden,Gemeinde,NN,939588.768856952
meist,meist,ADV,938417
deren,die,PRELAT,937832.475080532
Antrag,Antrag,NN,937145
fest,fest,PTKVZ,936092.902729754
zusammen,zusammen,ADV,935889.590507619
Kollegen,Kollege,NN,934443.361156979
geh?ren,geh?ren,VVFIN,933459.010678207
oben,oben,ADV,933111
mindestens,mindestens,ADV,932448
200,200,CARD,931739
Verlag,Verlag,NN,931552.160890304
setzt,setzen,VVFIN,930749.56029018
Paris,Paris,NE,930160
alle,alle,PIS,929881.156801883
handelt,handeln,VVFIN,929570.101391697
1997,1997,CARD,929195
Publikum,Publikum,NN,929080
direkt,direkt,ADJD,929060
Bau,Bau,NN,928743.037746015
begann,beginnen,VVFIN,928564
meiner,mein,PPOSAT,927590.259649384
innerhalb,innerhalb,APPR,924574.988646107
spricht,sprechen,VVFIN,920896
tats?chlich,tats?chlich,ADJD,920715
Paul,Paul,NE,920373
H?lfte,H?lfte,NN,920364.350065985
Kopf,Kopf,NN,916610.306119001
nachdem,nachdem,KOUS,915248
gewann,gewinnen,VVFIN,914153
22,22,CARD,913320
Sommer,Sommer,NN,912050.298187785
unserem,unser,PPOSAT,910607.380484775
Bilder,Bild,NN,909887
J?rgen,J?rgen,NE,909759.44435903
Interesse,Interesse,NN,909324
Geburtstag,Geburtstag,NN,909159
F?hrung,F?hrung,NN,908760
Auto,Auto,NN,908480
Ob,ob,KOUS,908150.555977298
Weise,Weise,NN,907945.217049176
durchaus,durchaus,ADV,905928
Werk,Werk,NN,905781
genannt,nennen,VVPP,905061
Kunden,Kunde,NN,904763.554205004
Staaten,Staat,NN,904718.066311994
hohen,hoch,ADJA,903963
genommen,nehmen,VVPP,902761
heutigen,heutig,ADJA,902356
politische,politisch,ADJA,900987
sofort,sofort,ADV,900352
genug,genug,ADV,899938
Friedrich,Friedrich,NE,898245
Monate,Monat,NN,898100.509430981
danach,danach,PROAV,897081
Beitrag,Beitrag,NN,896608
hin,hin,PTKVZ,895225.018233439
29.,29.,ADJA,894911
jede,jede,PIAT,893565.889849067
Werner,Werner,NE,892769
erreicht,erreichen,VVPP,891584.844726839
Opfer,Opfer,NN,890092
London,London,NE,888505
1996,1996,CARD,886397
etwas,etwas,PIS,883453.540240712
halten,halten,VVINF,882999.732677773
zeigte,zeigen,VVFIN,882509
SG,SG,NE,878522.519743258
Zusammenarbeit,Zusammenarbeit,NN,875551
B?hne,B?hne,NN,874486
Walter,Walter,NE,874073
L?ndern,Land,NN,873169.995025998
meint,meinen,VVFIN,872160.36494191
Krieg,Krieg,NN,871691.297655968
Sicherheit,Sicherheit,NN,869630
bislang,bislang,ADV,868207
gesehen,sehen,VVPP,867825
gehen,gehen,VVFIN,865523.787857375
weiter,weiter,PTKVZ,865307.108777123
?ffentlichen,?ffentlich,ADJA,863783
offenbar,offenbar,ADJD,862252.386796871
Stefan,Stefan,NE,861136
warum,warum,PWAV,860372
lag,liegen,VVFIN,860267
Angebot,Angebot,NN,857812
Bericht,Bericht,NN,857111.37444776
L?nder,Land,NN,856942
a,a,FM,856405
Meine,mein,PPOSAT,856243.462644135
mein,mein,PPOSAT,856207.813109771
Name,Name,NN,848278
Johann,Johann,NE,847602
endlich,endlich,ADV,847227.012654112
jemand,jemand,PIS,846856
CEST,UNKNOWN,NN,846215.850686851
Kampf,Kampf,NN,846128
gew?hlt,w?hlen,VVPP,846008
Klasse,Klasse,NN,845823.453941682
Druck,Druck,NN,845821
bringt,bringen,VVFIN,844147.786995801
Alter,Alter,NN,843536.571055655
ganzen,ganz,ADJA,842806
darum,darum,PROAV,841390
neun,neun,CARD,840226
Tochter,Tochter,NN,839816
Z?rich,Z?rich,NE,839397
gro?,gro?,ADJD,838817.917394784
Satz,Satz,NN,838086
neues,neu,ADJA,837368
N?rnberg,N?rnberg,NE,837194
sowohl,sowohl,KON,836522
Augen,Auge,NN,835624.761535012
{,unknown,ADJA,835579.292792683
Maria,Maria,NE,834581
verloren,verlieren,VVPP,832790.568812828
bzw.,bzw.,KOKOM,831069.322599557
S,S,NN,829092
Minute,Minute,NN,828774.520888002
2013,@card@,CARD,826989